client_id,name,email,address,phone_number,gender
98699,Candace Parker,parker@fakegmail.com,Bates Street. St Louis,0503836702,F
32368,Steph Curry,steph@fakegmail.com,Lombard Street. San Francisco,0502667547,M
28385,Lebron James,lebron@fakegamil.com,Woods Avenue East LA,0509966725,M
59769,Simone Biles,simone@fakegmail.com,Alioth Ave	Ohio, 0501277597,F
11232,Serena Williams,serena@fakegmail.com,10th Terrace.	Palm Beach Gardens,0502896779,F
71627,Luka Doncic,luka@fakegmail.com,10 Mile Rd. Dallas,0508445008,M
